{"_wandb":{"runtime":31012},"_runtime":31012.326217538,"train/loss":0.5835085511207581,"train/lr(1e-3)":0.006800558850568295,"_timestamp":1.7559662868230042e+09,"_step":2920}