,column,n_points,mean,median,std,min,max
1,math_n_226,9,31.74444444444445,33.0,6.374776684541803,18.9,39.5
0,math,15,13.969333333333333,14.03,3.4119903421959,8.38,19.57
